<actor type="brown rabbit">
	<skeleton>./skeletons/rabbit.csf</skeleton>
	<skin>./meshes/animals1.bmp</skin>
	<mesh>./meshes/rabbit1.cmf</mesh>
	<frames>
	        <CAL_walk>./animations/rabbit_walk.caf 0</CAL_walk>
		<CAL_idle>./animations/rabbit_idle1.caf 0</CAL_idle>
		<CAL_idle2>./animations/rabbit_idle2.caf 0</CAL_idle2>
		<CAL_in_combat duration="500">./animations/rabbit_default.caf 1</CAL_in_combat>
		<CAL_out_combat duration="500">./animations/rabbit_default.caf 1</CAL_out_combat>
		<CAL_combat_idle duration="500">./animations/rabbit_idle1.caf 0</CAL_combat_idle>
		<CAL_pain1 duration="500">./animations/rabbit_pain.caf 1</CAL_pain1>
		<CAL_die1 duration="500">./animations/rabbit_die.caf 1</CAL_die1>
		<CAL_attack_up_1 duration="500">./animations/rabbit_attack1.caf 1</CAL_attack_up_1>
          	<CAL_attack_up_2 duration="500">./animations/rabbit_attack1.caf 1</CAL_attack_up_2>
		<CAL_attack_up_3 duration="500">./animations/rabbit_attack1.caf 1</CAL_attack_up_3>
		<CAL_attack_up_4 duration="500">./animations/rabbit_attack1.caf 1</CAL_attack_up_4>
		<CAL_attack_down_1 duration="500">./animations/rabbit_attack1.caf 1</CAL_attack_down_1>
		<CAL_attack_down_2 duration="500">./animations/rabbit_attack1.caf 1</CAL_attack_down_2>
	</frames>
	<ghost>no</ghost>
	<walk_speed>0.1111111119</walk_speed>
	<run_speed>0.1111111111</run_speed>
</actor>

