<actor type="horse">
	<skeleton>./skeletons/horse.csf</skeleton>
	<skin>./meshes/horses1.bmp</skin>
	<mesh>./meshes/horse2.cmf</mesh>
	<frames>
	        <CAL_walk>./animations/horse_walk1.caf 0</CAL_walk>
		<CAL_die1 duration="500">./animations/horse_die.caf 1</CAL_die1>
		<CAL_pain1 duration="500">./animations/horse_pain.caf 1</CAL_pain1>
		<CAL_idle>./animations/horse_idle1.caf 0</CAL_idle>
		<CAL_idle2>./animations/horse_idle_eat.caf 0</CAL_idle2>
		<CAL_attack_up_1 duration="500">./animations/horse_attack1.caf 1</CAL_attack_up_1>
		<CAL_attack_down_1 duration="500">./animations/horse_attack1.caf 1</CAL_attack_down_1>
		<CAL_in_combat duration="500">./animations/horse_default.caf 1</CAL_in_combat>
		<CAL_out_combat duration="500">./animations/horse_default.caf 1</CAL_out_combat>
		<CAL_combat_idle duration="500">./animations/horse_idle1.caf 0</CAL_combat_idle>	        

	</frames>
	<ghost>no</ghost>
	<walk_speed>0.1111111119</walk_speed>
	<run_speed>0.1111111111</run_speed>
</actor>

