<actor type="puma">
	<skin>./meshes/animals4.bmp</skin>
	<mesh>./meshes/puma.cmf</mesh>
	<skeleton>./skeletons/feline.csf</skeleton>
	<scale>1.2</scale>
	<bone_scale>1.2</bone_scale>
	<mesh_scale>1.2</mesh_scale>
	<frames>
		<CAL_walk>./animations/feline_walk.caf 0</CAL_walk>
		<CAL_idle>./animations/feline_idle1.caf 0</CAL_idle>
		<CAL_idle2>./animations/feline_idle2.caf 0</CAL_idle2>
		<CAL_in_combat duration="500">./animations/feline_idle1.caf 1</CAL_in_combat>
		<CAL_out_combat duration="500">./animations/feline_idle1.caf 1</CAL_out_combat>
		<CAL_combat_idle duration="500">./animations/feline_idle1.caf 0</CAL_combat_idle>
		<CAL_pain1 duration="500">./animations/feline_pain.caf 1</CAL_pain1>
		<CAL_die1 duration="500">./animations/feline_die.caf 1</CAL_die1>
		<CAL_attack_up_1 duration="500">./animations/feline_attack1.caf 1</CAL_attack_up_1>
          	<CAL_attack_up_2 duration="500">./animations/feline_attack1.caf 1</CAL_attack_up_2>
		<CAL_attack_up_3 duration="500">./animations/feline_attack2.caf 1</CAL_attack_up_3>
		<CAL_attack_up_4 duration="500">./animations/feline_attack2.caf 1</CAL_attack_up_4>
		<CAL_attack_down_1 duration="500">./animations/feline_attack1.caf 1</CAL_attack_down_1>
		<CAL_attack_down_2 duration="500">./animations/feline_attack2.caf 1</CAL_attack_down_2>

	</frames>
	<ghost>no</ghost>
	<walk_speed>0.1111111119</walk_speed>
	<run_speed>0.1111111111</run_speed>
</actor>

