<actor type="snake 3">
	<skin>./meshes/animals3.bmp</skin>
	<mesh>./meshes/snake3.cmf</mesh>
	<skeleton>./skeletons/snake.csf</skeleton>
	<scale>1.4</scale>
	<bone_scale>1.4</bone_scale>
	<frames>
		<CAL_walk>./animations/snake_walk.caf 0</CAL_walk>
		<CAL_idle>./animations/snake_idle1.caf 0</CAL_idle>
		<CAL_idle_sit>./animations/snake_sleepidle.caf 0</CAL_idle_sit>
		<CAL_sit_down>./animations/snake_intosleep.caf 1</CAL_sit_down>
		<CAL_stand_up>./animations/snake_outsleep.caf 1</CAL_stand_up>
		<CAL_pain1 duration="500">./animations/snake_pain.caf 1</CAL_pain1>
		<CAL_in_combat duration="500">./animations/snake_default.caf 1</CAL_in_combat>
		<CAL_out_combat duration="500">./animations/snake_default.caf 1</CAL_out_combat>
		<CAL_combat_idle duration="500">./animations/snake_idle1.caf 0</CAL_combat_idle>		
		<CAL_die1 duration="500">./animations/snake_die.caf 1</CAL_die1>
		<CAL_attack_up_1 duration="500">./animations/snake_attack1.caf 1</CAL_attack_up_1>
          	<CAL_attack_up_2 duration="500">./animations/snake_attack1.caf 1</CAL_attack_up_2>
		<CAL_attack_up_3 duration="500">./animations/snake_attack1.caf 1</CAL_attack_up_3>
		<CAL_attack_up_4 duration="500">./animations/snake_attack1.caf 1</CAL_attack_up_4>
		<CAL_attack_down_1 duration="500">./animations/snake_attack1.caf 1</CAL_attack_down_1>
		<CAL_attack_down_2 duration="500">./animations/snake_attack1.caf 1</CAL_attack_down_2>

	</frames>
	<ghost>no</ghost>
	<walk_speed>0.1111111119</walk_speed>
	<run_speed>0.1111111111</run_speed>
</actor>

