<actor type="troll">
	<skin>./meshes/trollm1.bmp</skin>
	<mesh>./meshes/trollm1.cmf</mesh>
	<skeleton>./skeletons/monster1.csf</skeleton>
	<scale>1.16</scale>
	<bone_scale>1.16</bone_scale>
	<frames>
		<CAL_walk>./animations/monster_walk1.caf 0</CAL_walk>
		<CAL_die1 duration="500">./animations/monster_die.caf 1</CAL_die1>
		<CAL_die2 duration="500">./animations/monster_die.caf 1</CAL_die2>
		<CAL_pain1 duration="500">./animations/monster_pain1.caf 1</CAL_pain1>
		<CAL_pain2 duration="500">./animations/monster_pain2.caf 1</CAL_pain2>
		<CAL_idle>./animations/monster_idle1.caf 0</CAL_idle>
		<CAL_attack_up_1 duration="500">./animations/monster_attack1.caf 1</CAL_attack_up_1>
		<CAL_attack_up_2 duration="500">./animations/monster_attack2.caf 1</CAL_attack_up_2>
		<CAL_attack_up_3 duration="500">./animations/monster_attack1.caf 1</CAL_attack_up_3>
		<CAL_attack_up_4 duration="500">./animations/monster_attack2.caf 1</CAL_attack_up_4>
		<CAL_attack_down_1 duration="500">./animations/monster_attack3.caf 1</CAL_attack_down_1>
		<CAL_attack_down_2 duration="500">./animations/monster_attack3.caf 1</CAL_attack_down_2>
		<CAL_in_combat duration="500">./animations/monster_fight_in.caf 1</CAL_in_combat>
		<CAL_out_combat duration="500">./animations/monster_fight_out.caf 1</CAL_out_combat>
		<CAL_combat_idle duration="500">./animations/monster_fight_idle.caf 0</CAL_combat_idle>

	</frames>
	<ghost>no</ghost>
	<walk_speed>0.1111111119</walk_speed>
	<run_speed>0.1111111111</run_speed>
</actor>

