<actor type="wolf">
	<skeleton>./skeletons/canine.csf</skeleton>
	<skin>./meshes/animals5.bmp</skin>
	<mesh>./meshes/wolf.cmf</mesh>
	<scale>1.3</scale>
	<bone_scale>1.3</bone_scale>
	<frames>
		<CAL_walk>./animations/canine_walk1.caf 0</CAL_walk>
		<CAL_idle>./animations/canine_idle1.caf 0</CAL_idle>
		<CAL_idle2>./animations/canine_idle2.caf 0</CAL_idle2>
		<CAL_in_combat duration="500">./animations/canine_default.caf 1</CAL_in_combat>
		<CAL_out_combat duration="500">./animations/canine_default.caf 1</CAL_out_combat>
		<CAL_combat_idle duration="500">./animations/canine_idle1.caf 0</CAL_combat_idle>
		<CAL_pain1 duration="500">./animations/canine_pain1.caf 1</CAL_pain1>
		<CAL_die1 duration="500">./animations/canine_die.caf 1</CAL_die1>
		<CAL_attack_up_1 duration="500">./animations/canine_attack1.caf 1</CAL_attack_up_1>
          	<CAL_attack_up_2 duration="500">./animations/canine_attack2.caf 1</CAL_attack_up_2>
		<CAL_attack_up_3 duration="500">./animations/canine_attack1.caf 1</CAL_attack_up_3>
		<CAL_attack_up_4 duration="500">./animations/canine_attack2.caf 1</CAL_attack_up_4>
		<CAL_attack_down_1 duration="500">./animations/canine_attack1.caf 1</CAL_attack_down_1>
		<CAL_attack_down_2 duration="500">./animations/canine_attack2.caf 1</CAL_attack_down_2>
         </frames>
	<ghost>no</ghost>
	<walk_speed>0.1111111119</walk_speed>
	<run_speed>0.1111111111</run_speed>
</actor>

